epoch,case2,case4
0,8.737305,8.03226
1,1.3132883,1.0975746
2,0.9284184,0.6815696
3,0.9728533,0.5391794
4,1.4360602,0.71345747
